{"cameraMode":{"drawMode":0,"name":"Shaded","section":"Shading Mode"},"sceneLighting":true,"audioPlay":false,"sceneViewState":{"showFog":true,"showMaterialUpdate":false,"showSkybox":true,"showFlares":true,"showImageEffects":true,"showParticleSystems":true},"in2DMode":false,"pivot":{"x":-3.834197998046875,"y":-4.921356201171875,"z":5.19993782043457},"rotation":{"x":-0.1048169806599617,"y":0.892970860004425,"z":-0.3410302698612213,"w":-0.27446842193603518},"size":45.88983917236328,"orthographic":false}